contract_key,contract_key_canon,present_in_boe,present_in_place,present_in_opentender
00000020M030|E03111703,00000020M030|E03111703,False,True,False
00000061202414249|A07002862,00000061202414249|A07002862,False,True,False
00016/ISE/2018/SC|A01017496,00016/ISE/2018/SC|A01017496,False,True,False
0003/2021,0003/2021,False,True,False
00082/ISE/2021/JA|A01017496,00082/ISE/2021/JA|A01017496,False,True,False
000BA46386A847D6BEA23EE62BEE79D5|JUNTADEGOBIERNODELAYUNTAMIENTODESANTLLORENCDESCARDASSAR|20240617,000BA46386A847D6BEA23EE62BEE79D5|JUNTADEGOBIERNODELAYUNTAMIENTODESANTLLORENCDESCARDASSAR|20240617,False,False,True
000CC7C4D4114781BC779AE7D25B4722|AGENCIAGALLEGADEDESARROLLORURAL|20240205,000CC7C4D4114781BC779AE7D25B4722|AGENCIAGALLEGADEDESARROLLORURAL|20240205,False,False,True
001/13/RL/05|DIVISIONECONOMICAYTECNICACUERPONACIONALDEPOLICIA|20140307,001/13/RL/05|DIVISIONECONOMICAYTECNICACUERPONACIONALDEPOLICIA|20140307,True,False,False
001/2023/5649/I264,001/2023/5649/I264,False,True,False
001/2023/5652/I264,001/2023/5652/I264,False,True,False
001412020|U02100001,001412020|U02100001,False,True,False
001834923|L01502973,001834923|L01502973,False,True,False
001_23001286,001_23001286,False,True,False
001_23001806,001_23001806,False,True,False
001_23002141,001_23002141,False,True,False
002894/2023|EA0008290,002894/2023|EA0008290,False,True,False
002SV/2023,002SV/2023,False,True,False
00321/ISE/2018/SC|A01017496,00321/ISE/2018/SC|A01017496,False,True,False
003SV/2023,003SV/2023,False,True,False
004/14S|PRESIDENCIADELACONFEDERACIONHIDROGRAFICADELEBRO|20140906,004/14S|PRESIDENCIADELACONFEDERACIONHIDROGRAFICADELEBRO|20140906,True,False,False
0042023|L01410567,0042023|L01410567,False,True,False
00422021|L01300308,00422021|L01300308,False,True,False
005/14S|PRESIDENCIADELACONFEDERACIONHIDROGRAFICADELEBRO|20141009,005/14S|PRESIDENCIADELACONFEDERACIONHIDROGRAFICADELEBRO|20141009,True,False,False
006/16S|PRESIDENCIADELACONFEDERACIONHIDROGRAFICADELEBRO|20160822,006/16S|PRESIDENCIADELACONFEDERACIONHIDROGRAFICADELEBRO|20160822,True,False,False
009/16S|PRESIDENCIADELACONFEDERACIONHIDROGRAFICADELEBRO|20160919,009/16S|PRESIDENCIADELACONFEDERACIONHIDROGRAFICADELEBRO|20160919,True,False,False
01/2024|L01092292,01/2024|L01092292,False,True,False
010/15S|PRESIDENCIADELACONFEDERACIONHIDROGRAFICADELEBRO|20150915,010/15S|PRESIDENCIADELACONFEDERACIONHIDROGRAFICADELEBRO|20150915,True,False,False
010/2024,010/2024,False,True,False
0100DGT22865|DIRECCIONGENERALDETRAFICO|20140617,0100DGT22865|DIRECCIONGENERALDETRAFICO|20140617,True,False,False
0100DGT23728|DIRECCIONGENERALDETRAFICO|20140402,0100DGT23728|DIRECCIONGENERALDETRAFICO|20140402,True,False,False
0100DGT24372|DIRECCIONGENERALDETRAFICO|20140916,0100DGT24372|DIRECCIONGENERALDETRAFICO|20140916,True,False,False
0100DGT24372|DIRECCIONGENERALDETRAFICO|20150101,0100DGT24372|DIRECCIONGENERALDETRAFICO|20150101,True,False,False
0100DGT25974|DIRECCIONGENERALDETRAFICO|20150611,0100DGT25974|DIRECCIONGENERALDETRAFICO|20150611,True,False,False
0100DGT26228|DIRECCIONGENERALDETRAFICO|20150620,0100DGT26228|DIRECCIONGENERALDETRAFICO|20150620,True,False,False
0100DGT26228|DIRECCIONGENERALDETRAFICO|20151107,0100DGT26228|DIRECCIONGENERALDETRAFICO|20151107,True,False,False
0100DGT26265|DIRECCIONGENERALDETRAFICO|20150917,0100DGT26265|DIRECCIONGENERALDETRAFICO|20150917,True,False,False
0100DGT26265|DIRECCIONGENERALDETRAFICO|20160215,0100DGT26265|DIRECCIONGENERALDETRAFICO|20160215,True,False,False
0100DGT26266|DIRECCIONGENERALDETRAFICO|20150917,0100DGT26266|DIRECCIONGENERALDETRAFICO|20150917,True,False,False
0100DGT26266|DIRECCIONGENERALDETRAFICO|20160215,0100DGT26266|DIRECCIONGENERALDETRAFICO|20160215,True,False,False
0100DGT26268|DIRECCIONGENERALDETRAFICO|20150917,0100DGT26268|DIRECCIONGENERALDETRAFICO|20150917,True,False,False
0100DGT26268|DIRECCIONGENERALDETRAFICO|20160215,0100DGT26268|DIRECCIONGENERALDETRAFICO|20160215,True,False,False
0100DGT26269|DIRECCIONGENERALDETRAFICO|20150917,0100DGT26269|DIRECCIONGENERALDETRAFICO|20150917,True,False,False
0100DGT26269|DIRECCIONGENERALDETRAFICO|20160215,0100DGT26269|DIRECCIONGENERALDETRAFICO|20160215,True,False,False
0100DGT26270|DIRECCIONGENERALDETRAFICO|20150917,0100DGT26270|DIRECCIONGENERALDETRAFICO|20150917,True,False,False
0100DGT26270|DIRECCIONGENERALDETRAFICO|20160215,0100DGT26270|DIRECCIONGENERALDETRAFICO|20160215,True,False,False
0100DGT26271|DIRECCIONGENERALDETRAFICO|20150917,0100DGT26271|DIRECCIONGENERALDETRAFICO|20150917,True,False,False
0100DGT26271|DIRECCIONGENERALDETRAFICO|20160215,0100DGT26271|DIRECCIONGENERALDETRAFICO|20160215,True,False,False
0100DGT28323|DIRECCIONGENERALDETRAFICO|20160912,0100DGT28323|DIRECCIONGENERALDETRAFICO|20160912,True,False,False
0100DGT28449|DIRECCIONGENERALDETRAFICO|20161025,0100DGT28449|DIRECCIONGENERALDETRAFICO|20161025,True,False,False
0100DGT28449|DIRECCIONGENERALDETRAFICO|20170114,0100DGT28449|DIRECCIONGENERALDETRAFICO|20170114,True,False,False
01040604/2023/2,01040604/2023/2,False,True,False
011522CM0292|JUNTADECONTRATACIONDELASUBSECRETARIADEFOMENTO|20151209,011522CM0292|JUNTADECONTRATACIONDELASUBSECRETARIADEFOMENTO|20151209,True,False,False
011622ZM0146|JUNTADECONTRATACIONDELASUBSECRETARIADEFOMENTO|20160705,011622ZM0146|JUNTADECONTRATACIONDELASUBSECRETARIADEFOMENTO|20160705,True,False,False
0124BCCO,0124BCCO,False,True,False
013/14S|PRESIDENCIADELACONFEDERACIONHIDROGRAFICADELEBRO|20141127,013/14S|PRESIDENCIADELACONFEDERACIONHIDROGRAFICADELEBRO|20141127,True,False,False
013150332/0311|DIRECCIONGENERALDELAGUA|20161107,013150332/0311|DIRECCIONGENERALDELAGUA|20161107,True,False,False
013330414/0311|DIRECCIONGENERALDELAGUA|20161027,013330414/0311|DIRECCIONGENERALDELAGUA|20161027,True,False,False
013330415/0311|DIRECCIONGENERALDELAGUA|20161027,013330415/0311|DIRECCIONGENERALDELAGUA|20161027,True,False,False
013390251/0611|DIRECCIONGENERALDELAGUA|20161102,013390251/0611|DIRECCIONGENERALDELAGUA|20161102,True,False,False
013FFB0A449A4ECEAA530B53B8D7E2DF|DIRECCIONDEGESTIONECONOMICADELAJEFATURADEAPOYOLOGISTICODELAARMADA|20240228,013FFB0A449A4ECEAA530B53B8D7E2DF|DIRECCIONDEGESTIONECONOMICADELAJEFATURADEAPOYOLOGISTICODELAARMADA|20240228,False,False,True
014/16SNS|PRESIDENCIADELACONFEDERACIONHIDROGRAFICADELEBRO|20160705,014/16SNS|PRESIDENCIADELACONFEDERACIONHIDROGRAFICADELEBRO|20160705,True,False,False
015923|EA0021624,015923|EA0021624,False,True,False
017OBR2023,017OBR2023,False,True,False
01F1A93EDED644D69037124EA619961F|DIRECCIONPROVINCIALDEEDUCACIONENZAMORA|20240801,01F1A93EDED644D69037124EA619961F|DIRECCIONPROVINCIALDEEDUCACIONENZAMORA|20240801,False,False,True
020020140034|SUBDIRECCIONGENERALDESERVICIOSPENITENCIARIOS|20150124,020020140034|SUBDIRECCIONGENERALDESERVICIOSPENITENCIARIOS|20150124,True,False,False
02134090401A4404AD2729C11CBF9895|VICEPRESIDENCIAPRIMERADELACIUDADAUTONOMADECEUTA|20240209,02134090401A4404AD2729C11CBF9895|VICEPRESIDENCIAPRIMERADELACIUDADAUTONOMADECEUTA|20240209,False,False,True
0214UR152|DELEGACIONDEECONOMIAYHACIENDAENGALICIAACORUNA|20140522,0214UR152|DELEGACIONDEECONOMIAYHACIENDAENGALICIAACORUNA|20140522,True,False,False
021SV/2023,021SV/2023,False,True,False
02247710A7664F2484A27308424ED62E|JUNTADEGOBIERNODELAYUNTAMIENTODESIERO|20240212,02247710A7664F2484A27308424ED62E|JUNTADEGOBIERNODELAYUNTAMIENTODESIERO|20240212,False,False,True
022SV/2023,022SV/2023,False,True,False
023SV/2023,023SV/2023,False,True,False
024/0031601|DIPUTACIONPROVINCIALDEZAMORA|20160929,024/0031601|DIPUTACIONPROVINCIALDEZAMORA|20160929,True,False,False
025/0031501|DIPUTACIONPROVINCIALDEZAMORA|20151027,025/0031501|DIPUTACIONPROVINCIALDEZAMORA|20151027,True,False,False
026/2023|LA0008684,026/2023|LA0008684,False,True,False
028A89DB784D4BC082DA61782EDBCBC0|ALCALDIADELAYUNTAMIENTODEALHAMADEMURCIA|20240509,028A89DB784D4BC082DA61782EDBCBC0|ALCALDIADELAYUNTAMIENTODEALHAMADEMURCIA|20240509,False,False,True
028CCDBE534141309F7D6D67FD0EF599|CONSEJERIADEAGRICULTURAGANADERIAYDESARROLLORURALDELAJUNTADECASTILLAYLEON|20241115,028CCDBE534141309F7D6D67FD0EF599|CONSEJERIADEAGRICULTURAGANADERIAYDESARROLLORURALDELAJUNTADECASTILLAYLEON|20241115,False,False,True
028F8ED9EFE748D3B156D8690AAA2938|JUNTADEGOBIERNODELAYUNTAMIENTODECORDOBA|20240607,028F8ED9EFE748D3B156D8690AAA2938|JUNTADEGOBIERNODELAYUNTAMIENTODECORDOBA|20240607,False,False,True
02998DD239273F72A11D8294D85D2780|ALCALDIADELAYUNTAMIENTODEALBERIC|20241007,02998DD239273F72A11D8294D85D2780|ALCALDIADELAYUNTAMIENTODEALBERIC|20241007,False,False,True
02AE434C473C47AA8CAE632111FDB69A|ALCALDIADELAYUNTAMIENTODECASTRILLON|20240207,02AE434C473C47AA8CAE632111FDB69A|ALCALDIADELAYUNTAMIENTODECASTRILLON|20240207,False,False,True
02BC158B08043618BE0CDC2A7C924EE7|VICEPRESIDENCIADELCONSEJODEADMINISTRACIONDELAENTIDADPUBLICADESANEAMIENTODEAGUASRESIDUALESDELACOMUNIDADVALENCIANA|20241118,02BC158B08043618BE0CDC2A7C924EE7|VICEPRESIDENCIADELCONSEJODEADMINISTRACIONDELAENTIDADPUBLICADESANEAMIENTODEAGUASRESIDUALESDELACOMUNIDADVALENCIANA|20241118,False,False,True
02BDD555FF1843068D2DCB04EDC6956B|ALCALDIADELAYUNTAMIENTODECABANAS|20240819,02BDD555FF1843068D2DCB04EDC6956B|ALCALDIADELAYUNTAMIENTODECABANAS|20240819,False,False,True
02S/2023|LA0007895,02S/2023|LA0007895,False,True,False
03/23AP|EA0008394,03/23AP|EA0008394,False,True,False
03000314001|PRESIDENCIADELACONFEDERACIONHIDROGRAFICADELSEGURA|20140724,03000314001|PRESIDENCIADELACONFEDERACIONHIDROGRAFICADELSEGURA|20140724,True,False,False
03000414002|PRESIDENCIADELACONFEDERACIONHIDROGRAFICADELSEGURA|20140215,03000414002|PRESIDENCIADELACONFEDERACIONHIDROGRAFICADELSEGURA|20140215,True,False,False
03000415002|PRESIDENCIADELACONFEDERACIONHIDROGRAFICADELSEGURA|20141115,03000415002|PRESIDENCIADELACONFEDERACIONHIDROGRAFICADELSEGURA|20141115,True,False,False
03000415004|PRESIDENCIADELACONFEDERACIONHIDROGRAFICADELSEGURA|20150306,03000415004|PRESIDENCIADELACONFEDERACIONHIDROGRAFICADELSEGURA|20150306,True,False,False
03000514009|PRESIDENCIADELACONFEDERACIONHIDROGRAFICADELSEGURA|20140215,03000514009|PRESIDENCIADELACONFEDERACIONHIDROGRAFICADELSEGURA|20140215,True,False,False
03000514009|PRESIDENCIADELACONFEDERACIONHIDROGRAFICADELSEGURA|20140704,03000514009|PRESIDENCIADELACONFEDERACIONHIDROGRAFICADELSEGURA|20140704,True,False,False
03000514011|PRESIDENCIADELACONFEDERACIONHIDROGRAFICADELSEGURA|20140215,03000514011|PRESIDENCIADELACONFEDERACIONHIDROGRAFICADELSEGURA|20140215,True,False,False
03000514011|PRESIDENCIADELACONFEDERACIONHIDROGRAFICADELSEGURA|20140703,03000514011|PRESIDENCIADELACONFEDERACIONHIDROGRAFICADELSEGURA|20140703,True,False,False
03000514012|PRESIDENCIADELACONFEDERACIONHIDROGRAFICADELSEGURA|20140215,03000514012|PRESIDENCIADELACONFEDERACIONHIDROGRAFICADELSEGURA|20140215,True,False,False
03000514012|PRESIDENCIADELACONFEDERACIONHIDROGRAFICADELSEGURA|20140704,03000514012|PRESIDENCIADELACONFEDERACIONHIDROGRAFICADELSEGURA|20140704,True,False,False
03000514014|PRESIDENCIADELACONFEDERACIONHIDROGRAFICADELSEGURA|20140303,03000514014|PRESIDENCIADELACONFEDERACIONHIDROGRAFICADELSEGURA|20140303,True,False,False
03000514014|PRESIDENCIADELACONFEDERACIONHIDROGRAFICADELSEGURA|20140627,03000514014|PRESIDENCIADELACONFEDERACIONHIDROGRAFICADELSEGURA|20140627,True,False,False
03000514017|PRESIDENCIADELACONFEDERACIONHIDROGRAFICADELSEGURA|20140313,03000514017|PRESIDENCIADELACONFEDERACIONHIDROGRAFICADELSEGURA|20140313,True,False,False
03000514017|PRESIDENCIADELACONFEDERACIONHIDROGRAFICADELSEGURA|20140726,03000514017|PRESIDENCIADELACONFEDERACIONHIDROGRAFICADELSEGURA|20140726,True,False,False
03000515022|PRESIDENCIADELACONFEDERACIONHIDROGRAFICADELSEGURA|20150725,03000515022|PRESIDENCIADELACONFEDERACIONHIDROGRAFICADELSEGURA|20150725,True,False,False
03000515029|PRESIDENCIADELACONFEDERACIONHIDROGRAFICADELSEGURA|20151226,03000515029|PRESIDENCIADELACONFEDERACIONHIDROGRAFICADELSEGURA|20151226,True,False,False
030016I00013|INSTITUTODETURISMODEESPANATURESPANA|20160426,030016I00013|INSTITUTODETURISMODEESPANATURESPANA|20160426,True,False,False
030016I00075|INSTITUTODETURISMODEESPANATURESPANA|20170121,030016I00075|INSTITUTODETURISMODEESPANATURESPANA|20170121,True,False,False
030017I00007|INSTITUTODETURISMODEESPANATURESPANA|20170424,030017I00007|INSTITUTODETURISMODEESPANATURESPANA|20170424,True,False,False
030023I00033|EA0038886,030023I00033|EA0038886,False,True,False
03020230481,03020230481,False,True,False
0314UR152|DELEGACIONDEECONOMIAYHACIENDAENGALICIAACORUNA|20140522,0314UR152|DELEGACIONDEECONOMIAYHACIENDAENGALICIAACORUNA|20140522,True,False,False
0325A4C4F28848E093C94200E0DEF493|CONSEJODEADMINISTRACIONDELINSTITUTOTECNICOAGRONOMICOPROVINCIALSAU|20241229,0325A4C4F28848E093C94200E0DEF493|CONSEJODEADMINISTRACIONDELINSTITUTOTECNICOAGRONOMICOPROVINCIALSAU|20241229,False,False,True
033100395/0611|DIRECCIONGENERALDELAGUA|20161029,033100395/0611|DIRECCIONGENERALDELAGUA|20161029,True,False,False
033100395/2101|DIRECCIONGENERALDELAGUA|20161201,033100395/2101|DIRECCIONGENERALDELAGUA|20161201,True,False,False
033100396/0611|DIRECCIONGENERALDELAGUA|20161107,033100396/0611|DIRECCIONGENERALDELAGUA|20161107,True,False,False
033100397/0611|DIRECCIONGENERALDELAGUA|20161107,033100397/0611|DIRECCIONGENERALDELAGUA|20161107,True,False,False
035/14|DIRECCIONDELINSTITUTOESPANOLDEOCEANOGRAFIA|20140317,035/14|DIRECCIONDELINSTITUTOESPANOLDEOCEANOGRAFIA|20140317,True,False,False
03642A73580B3F25BF1643EA54369343|AREADEGOBIERNODEMEDIOAMBIENTEYMOVILIDAD|20240926,03642A73580B3F25BF1643EA54369343|AREADEGOBIERNODEMEDIOAMBIENTEYMOVILIDAD|20240926,False,False,True
037/23SI|EA0028346,037/23SI|EA0028346,False,True,False
038/2023|LA0008684,038/2023|LA0008684,False,True,False
039/16|JUNTADEGOBIERNODELAYUNTAMIENTODECORDOBA|20161001,039/16|JUNTADEGOBIERNODELAYUNTAMIENTODECORDOBA|20161001,True,False,False
03F1D53160A2463BAC99CA47A63CDF7A|BARCELONADINFRAESTRUCTURESMUNICIPALSSA|20240320,03F1D53160A2463BAC99CA47A63CDF7A|BARCELONADINFRAESTRUCTURESMUNICIPALSSA|20240320,False,False,True
04/2014OB|COMISIONEJECUTIVADELCONSORCIOPARAELDISENOCONSTRUCCIONEQUIPAMIENTOYEXPLOTACIONDELCENTRODELASERESPULSADOSULTRACORTOSULTRAINTENSOS|20150427,04/2014OB|COMISIONEJECUTIVADELCONSORCIOPARAELDISENOCONSTRUCCIONEQUIPAMIENTOYEXPLOTACIONDELCENTRODELASERESPULSADOSULTRACORTOSULTRAINTENSOS|20150427,True,False,False
04/2022INF1013|EA0001304,04/2022INF1013|EA0001304,False,True,False
040SUM2023,040SUM2023,False,True,False
04101/2022/343SEROB|L01462508,04101/2022/343SEROB|L01462508,False,True,False
04101/2023/132SER|L01462508,04101/2023/132SER|L01462508,False,True,False
04101/2023/164SER|L01462508,04101/2023/164SER|L01462508,False,True,False
04101/2023/187SEROB|L01462508,04101/2023/187SEROB|L01462508,False,True,False
04101/2023/193SEROB|L01462508,04101/2023/193SEROB|L01462508,False,True,False
04101/2023/206SEROB|L01462508,04101/2023/206SEROB|L01462508,False,True,False
04101/2023/212SER|L01462508,04101/2023/212SER|L01462508,False,True,False
04101/2023/215SEROB|L01462508,04101/2023/215SEROB|L01462508,False,True,False
04101/2023/220SEROB|L01462508,04101/2023/220SEROB|L01462508,False,True,False
04101/2023/94SEROB|L01462508,04101/2023/94SEROB|L01462508,False,True,False
0414UR152|DELEGACIONDEECONOMIAYHACIENDAENGALICIAACORUNA|20140522,0414UR152|DELEGACIONDEECONOMIAYHACIENDAENGALICIAACORUNA|20140522,True,False,False
042B07EC71CB4A8EBED2B0A509D2E45F|JUNTADEGOBIERNODELAYUNTAMIENTODECORDOBA|20240503,042B07EC71CB4A8EBED2B0A509D2E45F|JUNTADEGOBIERNODELAYUNTAMIENTODECORDOBA|20240503,False,False,True
042SER2023,042SER2023,False,True,False
043060563/0A11|DIRECCIONGENERALDELAGUA|20170321,043060563/0A11|DIRECCIONGENERALDELAGUA|20170321,True,False,False
043060589/0311|DIRECCIONGENERALDELAGUA|20161105,043060589/0311|DIRECCIONGENERALDELAGUA|20161105,True,False,False
043060603/0411|DIRECCIONGENERALDELAGUA|20161107,043060603/0411|DIRECCIONGENERALDELAGUA|20161107,True,False,False
043990015/0411|DIRECCIONGENERALDELAGUA|20160801,043990015/0411|DIRECCIONGENERALDELAGUA|20160801,True,False,False
0440101/2022|EA0008344,0440101/2022|EA0008344,False,True,False
047/2015|PRESIDENCIADELAAUTORIDADPORTUARIADETARRAGONA|20160102,047/2015|PRESIDENCIADELAAUTORIDADPORTUARIADETARRAGONA|20160102,True,False,False
0473/2021,0473/2021,False,True,False
04DC96FF37DC42088163DD754247049F|PRESIDENCIA|20240322,04DC96FF37DC42088163DD754247049F|PRESIDENCIA|20240322,False,False,True
04E05DEFD3073806BC65B869816D28A6|AUTORIDADPORTUARIADEVALENCIA|20241014,04E05DEFD3073806BC65B869816D28A6|AUTORIDADPORTUARIADEVALENCIA|20241014,False,False,True
05/17|COMISIONNACIONALDELMERCADODEVALORES|20161231,05/17|COMISIONNACIONALDELMERCADODEVALORES|20161231,True,False,False
05/20230INFN1015|EA0001304,05/20230INFN1015|EA0001304,False,True,False
052510353/0411|E04595805,052510353/0411|E04595805,False,True,False
0544671DB45C4E4E9C72B0362294B74D|AJUNTAMENTDESANTAMARGARIDAIELSMONJOS,0544671DB45C4E4E9C72B0362294B74D|AJUNTAMENTDESANTAMARGARIDAIELSMONJOS,False,False,True
05683955F9A84FF896097E63383DADF3|JUNTADEGOBIERNODELADIPUTACIONPROVINCIALDEALMERIA|20240612,05683955F9A84FF896097E63383DADF3|JUNTADEGOBIERNODELADIPUTACIONPROVINCIALDEALMERIA|20240612,False,False,True
0574/2023,0574/2023,False,True,False
0579010016/2023,0579010016/2023,False,True,False
0581/2023,0581/2023,False,True,False
05AA5C12171D49F6819368EDA9AC676A|JUNTADEGOBIERNODELAYUNTAMIENTODEANDORRA|20240207,05AA5C12171D49F6819368EDA9AC676A|JUNTADEGOBIERNODELAYUNTAMIENTODEANDORRA|20240207,False,False,True
05B607FBDF66409F9BC24A11CEEE2375|JUNTADEGOBIERNODELAJUNTAMENTDEVALENCIA|20240104,05B607FBDF66409F9BC24A11CEEE2375|JUNTADEGOBIERNODELAJUNTAMENTDEVALENCIA|20240104,False,False,True
06/17|JUNTADECONTRATACIONDELMINISTERIODEHACIENDAYADMINISTRACIONESPUBLICAS|20170424,06/17|JUNTADECONTRATACIONDELMINISTERIODEHACIENDAYADMINISTRACIONESPUBLICAS|20170424,True,False,False
06/2023,06/2023,False,True,False
06011015001|PRESIDENCIADELACONFEDERACIONHIDROGRAFICADELSEGURA|20151114,06011015001|PRESIDENCIADELACONFEDERACIONHIDROGRAFICADELSEGURA|20151114,True,False,False
063290543/0611|DIRECCIONGENERALDELAGUA|20160104,063290543/0611|DIRECCIONGENERALDELAGUA|20160104,True,False,False
064360143/0411|DIRECCIONGENERALDELAGUA|20160727,064360143/0411|DIRECCIONGENERALDELAGUA|20160727,True,False,False
0679020055/2023,0679020055/2023,False,True,False
068634DFC43649FF822D2CBA6F0E5696|PRESIDENCIADELADIPUTACIONDEBADAJOZ|20240430,068634DFC43649FF822D2CBA6F0E5696|PRESIDENCIADELADIPUTACIONDEBADAJOZ|20240430,False,False,True
06A423B9EAB14206BB2D6EEF67E3BDA1|ENAGAS|20240705,06A423B9EAB14206BB2D6EEF67E3BDA1|ENAGAS|20240705,False,False,True
06F0D59793F84645846F700C0964203A|ALCALDIADELAYUNTAMIENTODEVILAMARXANT,06F0D59793F84645846F700C0964203A|ALCALDIADELAYUNTAMIENTODEVILAMARXANT,False,False,True
07/15|COMISIONNACIONALDELMERCADODEVALORES|20150123,07/15|COMISIONNACIONALDELMERCADODEVALORES|20150123,True,False,False
07/2023,07/2023,False,True,False
071225A3305342A082A7967D8EDDA9B4|PRESIDENCIADELADIPUTACIONPROVINCIALDESALAMANCA|20240301,071225A3305342A082A7967D8EDDA9B4|PRESIDENCIADELADIPUTACIONPROVINCIALDESALAMANCA|20240301,False,False,True
0723PASOBRASINTERVFACHADANORTECASTILLO|L01110162,0723PASOBRASINTERVFACHADANORTECASTILLO|L01110162,False,True,False
073020213/0611|DIRECCIONGENERALDELAGUA|20161029,073020213/0611|DIRECCIONGENERALDELAGUA|20161029,True,False,False
073300626/0311|DIRECCIONGENERALDELAGUA|20170324,073300626/0311|DIRECCIONGENERALDELAGUA|20170324,True,False,False
073300628/0411|DIRECCIONGENERALDELAGUA|20161107,073300628/0411|DIRECCIONGENERALDELAGUA|20161107,True,False,False
075/23,075/23,False,True,False
08/VC332/23NREG187/23|EA0021213,08/VC332/23NREG187/23|EA0021213,False,True,False
08/VC373/23NREG10/24|EA0021213,08/VC373/23NREG10/24|EA0021213,False,True,False
083020220/0311|DIRECCIONGENERALDELAGUA|20161117,083020220/0311|DIRECCIONGENERALDELAGUA|20161117,True,False,False
083020222/0311|DIRECCIONGENERALDELAGUA|20160729,083020222/0311|DIRECCIONGENERALDELAGUA|20160729,True,False,False
083030452/0311|DIRECCIONGENERALDELAGUA|20170417,083030452/0311|DIRECCIONGENERALDELAGUA|20170417,True,False,False
083460682/0311|DIRECCIONGENERALDELAGUA|20161108,083460682/0311|DIRECCIONGENERALDELAGUA|20161108,True,False,False
083460684/0311|DIRECCIONGENERALDELAGUA|20170417,083460684/0311|DIRECCIONGENERALDELAGUA|20170417,True,False,False
0850D480C0A14891921A85DC920859BE|ALCALDIADELAYUNTAMIENTODEVILLADELRIO|20240209,0850D480C0A14891921A85DC920859BE|ALCALDIADELAYUNTAMIENTODEVILLADELRIO|20240209,False,False,True
0879010033/2023,0879010033/2023,False,True,False
087ACF0B15EF403BB6060A76FF099F66|GERENCIADELOACONSEJOINSULARDEAGUASDEELHIERRO|20240710,087ACF0B15EF403BB6060A76FF099F66|GERENCIADELOACONSEJOINSULARDEAGUASDEELHIERRO|20240710,False,False,True
090BED28F3CC4943AA9814D84A367588|DIRECTORGENERAL|20240729,090BED28F3CC4943AA9814D84A367588|DIRECTORGENERAL|20240729,False,False,True
093090202/0311|DIRECCIONGENERALDELAGUA|20160729,093090202/0311|DIRECCIONGENERALDELAGUA|20160729,True,False,False
094/2022CONTR|L01290542,094/2022CONTR|L01290542,False,True,False
0974400BBE014FDEA8503C9623A6330B|CONSEJERODELEGADODEINGENIERIADESISTEMASPARALADEFENSADEESPANASASMEYMP|20240529,0974400BBE014FDEA8503C9623A6330B|CONSEJERODELEGADODEINGENIERIADESISTEMASPARALADEFENSADEESPANASASMEYMP|20240529,False,False,True
0979010052/2023,0979010052/2023,False,True,False
09D19CBA16154B62AFE227D8C0AE2DA5|JUNTADEGOBIERNOLOCALDELAYUNTAMIENTODECAMBRE|20240227,09D19CBA16154B62AFE227D8C0AE2DA5|JUNTADEGOBIERNOLOCALDELAYUNTAMIENTODECAMBRE|20240227,False,False,True
0A40C7D0E1904869AB61C54A6B06A1F0|ENTEPUBLICOEMPRESARIALAUGASDEGALICIA|20240409,0A40C7D0E1904869AB61C54A6B06A1F0|ENTEPUBLICOEMPRESARIALAUGASDEGALICIA|20240409,False,False,True
0A75814C527E4641B2747D78F3582274|ALCALDIADELAENTIDADLOCALMENORDEAGUASNUEVAS|20241215,0A75814C527E4641B2747D78F3582274|ALCALDIADELAENTIDADLOCALMENORDEAGUASNUEVAS|20241215,False,False,True
0A8CD4386E854B7ABD1D8E3578999621|DELEGACIONPROVINCIALDELACONSEJERIADEEDUCACIONCULTURAYDEPORTESENCUENCA|20240919,0A8CD4386E854B7ABD1D8E3578999621|DELEGACIONPROVINCIALDELACONSEJERIADEEDUCACIONCULTURAYDEPORTESENCUENCA|20240919,False,False,True
0AEC056FCAAA46C7A00F307D6621F3D2|DIRECCIONGENERALDELAENTIDADVALENCIANADEVIVIENDAYSUELOEVHA,0AEC056FCAAA46C7A00F307D6621F3D2|DIRECCIONGENERALDELAENTIDADVALENCIANADEVIVIENDAYSUELOEVHA,False,False,True
0B1B44319EAD4A0390536A6B49B3FCCF|DISTRITODECHAMARTIN|20240709,0B1B44319EAD4A0390536A6B49B3FCCF|DISTRITODECHAMARTIN|20240709,False,False,True
0B3AA254F6864BF581CFB2EEC42D9BBD|ALCALDIADELAYUNTAMIENTODEMERIDA|20240618,0B3AA254F6864BF581CFB2EEC42D9BBD|ALCALDIADELAYUNTAMIENTODEMERIDA|20240618,False,False,True
0B56648D9E53470E9797B3F3AEEF7872|ALCALDIADELAYUNTAMIENTODEBARGAS|20241027,0B56648D9E53470E9797B3F3AEEF7872|ALCALDIADELAYUNTAMIENTODEBARGAS|20241027,False,False,True
0C01904A96F94E1490B1BB6600281C75|CONSEJERIADEAGUAAGRICULTURAGANADERIAYPESCADELAREGIONDEMURCIA|20241228,0C01904A96F94E1490B1BB6600281C75|CONSEJERIADEAGUAAGRICULTURAGANADERIAYPESCADELAREGIONDEMURCIA|20241228,False,False,True
0C0CEB805B1747D38B22259B7A05E0B4|AGENCIAPUBLICAANDALUZADEEDUCACION|20240507,0C0CEB805B1747D38B22259B7A05E0B4|AGENCIAPUBLICAANDALUZADEEDUCACION|20240507,False,False,True
0C7D1605E0F14B88AB24FDDDB2556C99|ADIFALTAVELOCIDAD|20240814,0C7D1605E0F14B88AB24FDDDB2556C99|ADIFALTAVELOCIDAD|20240814,False,False,True
0CD9EC89A74548909C4470A6AD08399C|TGSSDIRECCIONPROVINCIALDETENERIFE|20240627,0CD9EC89A74548909C4470A6AD08399C|TGSSDIRECCIONPROVINCIALDETENERIFE|20240627,False,False,True
0D0B0D959CD54F918EB8C283C553BA29|CONSEJODEADMINISTRACIONDELASOCIEDADMERCANTILESTATALDEGESTIONINMOBILIARIADEPATRIMONIOMPSASEGIPSA|20240605,0D0B0D959CD54F918EB8C283C553BA29|CONSEJODEADMINISTRACIONDELASOCIEDADMERCANTILESTATALDEGESTIONINMOBILIARIADEPATRIMONIOMPSASEGIPSA|20240605,False,False,True
0D0D1DB059164C12A2489B66CD3619D9|INFRAESTRUCTURESDELAGENERALITATDECATALUNYASAU|20240115,0D0D1DB059164C12A2489B66CD3619D9|INFRAESTRUCTURESDELAGENERALITATDECATALUNYASAU|20240115,False,False,True
0DBB0FA741F14CB68757930476ED6FB6|ALCALDIADELAENTIDADLOCALMENORDEAGUASNUEVAS|20240907,0DBB0FA741F14CB68757930476ED6FB6|ALCALDIADELAENTIDADLOCALMENORDEAGUASNUEVAS|20240907,False,False,True
0E7181EE2A8D4A1A8324B039663F1DCA|PRESIDENCIADELCONSELLINSULARDEIVISSA|20241230,0E7181EE2A8D4A1A8324B039663F1DCA|PRESIDENCIADELCONSELLINSULARDEIVISSA|20241230,False,False,True
0EEC4EB6F5EF41C0BCB06D45E18EE743|ALCALDIADELAYUNTAMIENTODEMELIANA|20240630,0EEC4EB6F5EF41C0BCB06D45E18EE743|ALCALDIADELAYUNTAMIENTODEMELIANA|20240630,False,False,True
0EF13C7647F04583BFF7E84A1CD3DD43|DIRECCIONGENERALDELAGUA|20240510,0EF13C7647F04583BFF7E84A1CD3DD43|DIRECCIONGENERALDELAGUA|20240510,False,False,True
0F065A7CEE3E4D5895D86A0F7F50C435|DIRECCIONGERENCIADELAAGENCIADELAGUADECASTILLALAMANCHA|20240410,0F065A7CEE3E4D5895D86A0F7F50C435|DIRECCIONGERENCIADELAAGENCIADELAGUADECASTILLALAMANCHA|20240410,False,False,True
0F616B4CD1AD49C1B7FFF734F85DC064|JEFATURADEINTENDENCIADEASUNTOSECONOMICOSOESTE|20241111,0F616B4CD1AD49C1B7FFF734F85DC064|JEFATURADEINTENDENCIADEASUNTOSECONOMICOSOESTE|20241111,False,False,True
0F9C24FC7F943FC9926FC37C5E94CADE|UPCNETTECHSLU|20241108,0F9C24FC7F943FC9926FC37C5E94CADE|UPCNETTECHSLU|20241108,False,False,True
0FC7BED929EF481FBE0A8AE11645AC51|PRESIDENCIADELCONSORCIOPROVINCIALPARALAGESTIONDELOSRESIDUOSSOLIDOSURBANOSDEMALAGA|20241220,0FC7BED929EF481FBE0A8AE11645AC51|PRESIDENCIADELCONSORCIOPROVINCIALPARALAGESTIONDELOSRESIDUOSSOLIDOSURBANOSDEMALAGA|20241220,False,False,True
1/2022,1/2022,False,True,False
1/2024,1/2024,False,True,False
1/2024CGR4|L01281489,1/2024CGR4|L01281489,False,True,False
10013160245|JEFATURADEADMINISTRACIONECONOMICADELESTADOMAYORDELADEFENSA|20160917,10013160245|JEFATURADEADMINISTRACIONECONOMICADELESTADOMAYORDELADEFENSA|20160917,True,False,False
1003216003200|SUBDIRECCIONGENERALDEADQUISICIONESDEARMAMENTOYMATERIALDGAM|20160919,1003216003200|SUBDIRECCIONGENERALDEADQUISICIONESDEARMAMENTOYMATERIALDGAM|20160919,True,False,False
100421410720|JEFATURADELASECCIONECONOMICOFINANCIERADELADIRECCIONGENERALDEINFRAESTRUCTURA|20141128,100421410720|JEFATURADELASECCIONECONOMICOFINANCIERADELADIRECCIONGENERALDEINFRAESTRUCTURA|20141128,True,False,False
1004216019700|JEFATURADELASECCIONECONOMICOFINANCIERADELADIRECCIONGENERALDEINFRAESTRUCTURA|20170218,1004216019700|JEFATURADELASECCIONECONOMICOFINANCIERADELADIRECCIONGENERALDEINFRAESTRUCTURA|20170218,True,False,False
1004216025700|JEFATURADELASECCIONECONOMICOFINANCIERADELADIRECCIONGENERALDEINFRAESTRUCTURA|20161228,1004216025700|JEFATURADELASECCIONECONOMICOFINANCIERADELADIRECCIONGENERALDEINFRAESTRUCTURA|20161228,True,False,False
10048113|L01360577,10048113|L01360577,False,True,False
1005_142/2023,1005_142/2023,False,True,False
1005_180/2023,1005_180/2023,False,True,False
1009_0005CP01202284,1009_0005CP01202284,False,True,False
100CE5FCECEC483799284BFF2499CBAE|PLENODEAYUNTAMIENTODELAVICTORIA|20240725,100CE5FCECEC483799284BFF2499CBAE|PLENODEAYUNTAMIENTODELAVICTORIA|20240725,False,False,True
103/23|L01030149,103/23|L01030149,False,True,False
10317/2023,10317/2023,False,True,False
104/2023/SMSQV/CO,104/2023/SMSQV/CO,False,True,False
10424/2023|L01060114,10424/2023|L01060114,False,True,False
10439/2020|L01410819,10439/2020|L01410819,False,True,False
1049/2022|L01462074,1049/2022|L01462074,False,True,False
1056/2023|L01372745,1056/2023|L01372745,False,True,False
1069113E|L02000024,1069113E|L02000024,False,True,False
107/2023/G626,107/2023/G626,False,True,False
107/2023|L01451941,107/2023|L01451941,False,True,False
108/2022/01798|LA0000769,108/2022/01798|LA0000769,False,True,False
108/2023/G626,108/2023/G626,False,True,False
1097C4468AFE471F9E01188E7A4FEA28|AYUNTAMIENTODEVILASECA|20240814,1097C4468AFE471F9E01188E7A4FEA28|AYUNTAMIENTODEVILASECA|20240814,False,False,True
10AB2B2D21384175891C0CF9907DFF09|CONSEJODEADMINISTRACIONDELACOMPANIAPARALAGESTIONDERESIDUOSSOLIDOSENASTURIASSA|20240814,10AB2B2D21384175891C0CF9907DFF09|CONSEJODEADMINISTRACIONDELACOMPANIAPARALAGESTIONDERESIDUOSSOLIDOSENASTURIASSA|20240814,False,False,True
10C02F4D47644DD0B7C09B0FEBEF1325|PRESIDENCIADELADIPUTACIONPROVINCIALDECACERES|20241104,10C02F4D47644DD0B7C09B0FEBEF1325|PRESIDENCIADELADIPUTACIONPROVINCIALDECACERES|20241104,False,False,True
10D02579BF414AB4BED445AF2FF5EAF3|MIEMBROSCORPORATIVOSTITULARESDEAREASDELCABILDOINSULARDELAPALMA|20241203,10D02579BF414AB4BED445AF2FF5EAF3|MIEMBROSCORPORATIVOSTITULARESDEAREASDELCABILDOINSULARDELAPALMA|20241203,False,False,True
11/20142INF898|AUTORIDADPORTUARIADECARTAGENA|20150427,11/20142INF898|AUTORIDADPORTUARIADECARTAGENA|20150427,True,False,False
111/2023/86|L01150308,111/2023/86|L01150308,False,True,False
112/23S|EA0022629,112/23S|EA0022629,False,True,False
112CO066|SUBSECRETARIADELMINISTERIODEJUSTICIA|20140523,112CO066|SUBSECRETARIADELMINISTERIODEJUSTICIA|20140523,True,False,False
113070460/0611|DIRECCIONGENERALDELAGUA|20161025,113070460/0611|DIRECCIONGENERALDELAGUA|20161025,True,False,False
113070460/2101|DIRECCIONGENERALDELAGUA|20160122,113070460/2101|DIRECCIONGENERALDELAGUA|20160122,True,False,False
113070461/0611|DIRECCIONGENERALDELAGUA|20161117,113070461/0611|DIRECCIONGENERALDELAGUA|20161117,True,False,False
113070464/0611|DIRECCIONGENERALDELAGUA|20160702,113070464/0611|DIRECCIONGENERALDELAGUA|20160702,True,False,False
113070465/0611|DIRECCIONGENERALDELAGUA|20160723,113070465/0611|DIRECCIONGENERALDELAGUA|20160723,True,False,False
1142/2023|L01451549,1142/2023|L01451549,False,True,False
1144501C/2023|L06020022,1144501C/2023|L06020022,False,True,False
1147/2023/OAF,1147/2023/OAF,False,True,False
11662/2023|L01380110,11662/2023|L01380110,False,True,False
1178D396540E3563B73A786D04D3615B|CONSEJODEADMINISTRACIONDERESIDUOSSOLIDOSURBANOSDECASTILLALAMANCHASA|20241007,1178D396540E3563B73A786D04D3615B|CONSEJODEADMINISTRACIONDERESIDUOSSOLIDOSURBANOSDECASTILLALAMANCHASA|20241007,False,False,True
1179/2023|EA0001300,1179/2023|EA0001300,False,True,False
1183OH|LA0011720,1183OH|LA0011720,False,True,False
1191/2023|L01242091,1191/2023|L01242091,False,True,False
1196/2023|L01240346,1196/2023|L01240346,False,True,False
11B15C45362F3472BADA2B18A4EF0A6E|AENADIRECCIONDECONTRATACION|20241213,11B15C45362F3472BADA2B18A4EF0A6E|AENADIRECCIONDECONTRATACION|20241213,False,False,True
11C257D246A24123AB584580F421B26C|DIRECCIONPROVINCIALDEEDUCACIONENVALLADOLID|20240321,11C257D246A24123AB584580F421B26C|DIRECCIONPROVINCIALDEEDUCACIONENVALLADOLID|20240321,False,False,True
12/2023/EEE,12/2023/EEE,False,True,False
120/2023|L01180877,120/2023|L01180877,False,True,False
120/23S|EA0022629,120/23S|EA0022629,False,True,False
12027/2023|A14002961,12027/2023|A14002961,False,True,False
120317|E04795206,120317|E04795206,False,True,False
1204/18|L01090183,1204/18|L01090183,False,True,False
12093E55EF493F1E811B29099F188817|BARCELONADINFRAESTRUCTURESMUNICIPALSSA|20241021,12093E55EF493F1E811B29099F188817|BARCELONADINFRAESTRUCTURESMUNICIPALSSA|20241021,False,False,True
1210/23|L02000014,1210/23|L02000014,False,True,False
1229614Y|L02000002,1229614Y|L02000002,False,True,False
123/2024,123/2024,False,True,False
1236518M|L01220612,1236518M|L01220612,False,True,False
124/15|JUNTADECONTRATACIONDELMINISTERIODEHACIENDAYADMINISTRACIONESPUBLICAS|20160401,124/15|JUNTADECONTRATACIONDELMINISTERIODEHACIENDAYADMINISTRACIONESPUBLICAS|20160401,True,False,False
124/23S|EA0022629,124/23S|EA0022629,False,True,False
124/23|L01290672,124/23|L01290672,False,True,False
1243956R/2023|L01020349,1243956R/2023|L01020349,False,True,False
1249/2022|L01461189,1249/2022|L01461189,False,True,False
125/15|JUNTADECONTRATACIONDELMINISTERIODEHACIENDAYADMINISTRACIONESPUBLICAS|20160126,125/15|JUNTADECONTRATACIONDELMINISTERIODEHACIENDAYADMINISTRACIONESPUBLICAS|20160126,True,False,False
125/2023|L01180877,125/2023|L01180877,False,True,False
125BE059A6824C958E438BD13D24DA30|ALCALDIADELAYUNTAMIENTODEMANISES|20240717,125BE059A6824C958E438BD13D24DA30|ALCALDIADELAYUNTAMIENTODEMANISES|20240717,False,False,True
127/2020|L01220844,127/2020|L01220844,False,True,False
1270/2022|L06020019,1270/2022|L06020019,False,True,False
1278/2023,1278/2023,False,True,False
1279/2023,1279/2023,False,True,False
12818904083D4C47B3ECA17312F4172C|PRESIDENCIADELACONFEDERACIONHIDROGRAFICADELEBRO|20240310,12818904083D4C47B3ECA17312F4172C|PRESIDENCIADELACONFEDERACIONHIDROGRAFICADELEBRO|20240310,False,False,True
12A3E12BC48540D0A05BD9626440D2DB|GERENCIADESEVILLAACTIVASAU|20240624,12A3E12BC48540D0A05BD9626440D2DB|GERENCIADESEVILLAACTIVASAU|20240624,False,False,True
12C85A27CEC44D9E932F389E545A368D|CONSEJERIADESALUDDELAREGIONDEMURCIA|20241214,12C85A27CEC44D9E932F389E545A368D|CONSEJERIADESALUDDELAREGIONDEMURCIA|20241214,False,False,True
12DC5934BADA4AC0A8CBF96DC0C74C44|PRESIDENCIADELADIPUTACIONDEBADAJOZ|20241204,12DC5934BADA4AC0A8CBF96DC0C74C44|PRESIDENCIADELADIPUTACIONDEBADAJOZ|20241204,False,False,True
12F3E10D0BA64CC994594DA8B28014AE|ALCALDIADELAYUNTAMIENTODENIJAR|20240410,12F3E10D0BA64CC994594DA8B28014AE|ALCALDIADELAYUNTAMIENTODENIJAR|20240410,False,False,True
13/20220INF1017|EA0001304,13/20220INF1017|EA0001304,False,True,False
13/2023/CSOS,13/2023/CSOS,False,True,False
130158|EA0000845,130158|EA0000845,False,True,False
130239329092|E00124905,130239329092|E00124905,False,True,False
1312/2023,1312/2023,False,True,False
131AT115|SUBSECRETARIADELMINISTERIODEJUSTICIA|20140717,131AT115|SUBSECRETARIADELMINISTERIODEJUSTICIA|20140717,True,False,False
131PD117|SUBSECRETARIADELMINISTERIODEJUSTICIA|20140513,131PD117|SUBSECRETARIADELMINISTERIODEJUSTICIA|20140513,True,False,False
131PD118|SUBSECRETARIADELMINISTERIODEJUSTICIA|20140523,131PD118|SUBSECRETARIADELMINISTERIODEJUSTICIA|20140523,True,False,False
131PD119|SUBSECRETARIADELMINISTERIODEJUSTICIA|20140517,131PD119|SUBSECRETARIADELMINISTERIODEJUSTICIA|20140517,True,False,False
131PD120|SUBSECRETARIADELMINISTERIODEJUSTICIA|20140616,131PD120|SUBSECRETARIADELMINISTERIODEJUSTICIA|20140616,True,False,False
134/2023CONTR|L01290542,134/2023CONTR|L01290542,False,True,False
135/2022/00039|L01280796,135/2022/00039|L01280796,False,True,False
136/2023|LA0008684,136/2023|LA0008684,False,True,False
13612BD560664522965075AA35C5954C|ALCALDIADELAYUNTAMIENTODEALCANIZ|20241229,13612BD560664522965075AA35C5954C|ALCALDIADELAYUNTAMIENTODEALCANIZ|20241229,False,False,True
137/2018,137/2018,False,True,False
137/2023/CMA,137/2023/CMA,False,True,False
13700202100|DIRECCIONDELSERVICIODEGESTIONECONOMICADELAAGENCIAESTATALDELAADMINISTRACIONTRIBUTARIA|20140731,13700202100|DIRECCIONDELSERVICIODEGESTIONECONOMICADELAAGENCIAESTATALDELAADMINISTRACIONTRIBUTARIA|20140731,True,False,False
13746/2023|L01210448,13746/2023|L01210448,False,True,False
137B0D5A1BAD4954924B97A5EB8D060E|JUNTADEGOBIERNODELAYUNTAMIENTODEPOZUELODEALARCON|20240805,137B0D5A1BAD4954924B97A5EB8D060E|JUNTADEGOBIERNODELAYUNTAMIENTODEPOZUELODEALARCON|20240805,False,False,True
1390/2021,1390/2021,False,True,False
14/2023,14/2023,False,True,False
14/20MTX|L01030909,14/20MTX|L01030909,False,True,False
140/2022,140/2022,False,True,False
14000115008|PRESIDENCIADELACONFEDERACIONHIDROGRAFICADELSEGURA|20151001,14000115008|PRESIDENCIADELACONFEDERACIONHIDROGRAFICADELSEGURA|20151001,True,False,False
14007|DIRECCIONGENERALDELINSTITUTOGEOGRAFICONACIONAL|20140322,14007|DIRECCIONGENERALDELINSTITUTOGEOGRAFICONACIONAL|20140322,True,False,False
14007|DIRECCIONGENERALDELINSTITUTOGEOGRAFICONACIONAL|20140722,14007|DIRECCIONGENERALDELINSTITUTOGEOGRAFICONACIONAL|20140722,True,False,False
14008|DIRECCIONGENERALDELINSTITUTOGEOGRAFICONACIONAL|20140322,14008|DIRECCIONGENERALDELINSTITUTOGEOGRAFICONACIONAL|20140322,True,False,False
14008|DIRECCIONGENERALDELINSTITUTOGEOGRAFICONACIONAL|20140721,14008|DIRECCIONGENERALDELINSTITUTOGEOGRAFICONACIONAL|20140721,True,False,False
14009|DIRECCIONGENERALDELINSTITUTOGEOGRAFICONACIONAL|20140321,14009|DIRECCIONGENERALDELINSTITUTOGEOGRAFICONACIONAL|20140321,True,False,False
14009|DIRECCIONGENERALDELINSTITUTOGEOGRAFICONACIONAL|20140719,14009|DIRECCIONGENERALDELINSTITUTOGEOGRAFICONACIONAL|20140719,True,False,False
14010|DIRECCIONGENERALDELINSTITUTOGEOGRAFICONACIONAL|20140322,14010|DIRECCIONGENERALDELINSTITUTOGEOGRAFICONACIONAL|20140322,True,False,False
14010|DIRECCIONGENERALDELINSTITUTOGEOGRAFICONACIONAL|20140719,14010|DIRECCIONGENERALDELINSTITUTOGEOGRAFICONACIONAL|20140719,True,False,False
140119C21E4849BD9EC4F82DDDB92B04|XUNTADEGOBERNODELAYUNTAMIENTODESANTIAGODECOMPOSTELA|20240214,140119C21E4849BD9EC4F82DDDB92B04|XUNTADEGOBERNODELAYUNTAMIENTODESANTIAGODECOMPOSTELA|20240214,False,False,True
14012|DIRECCIONGENERALDELINSTITUTOGEOGRAFICONACIONAL|20140322,14012|DIRECCIONGENERALDELINSTITUTOGEOGRAFICONACIONAL|20140322,True,False,False
14012|DIRECCIONGENERALDELINSTITUTOGEOGRAFICONACIONAL|20140719,14012|DIRECCIONGENERALDELINSTITUTOGEOGRAFICONACIONAL|20140719,True,False,False
14012|DIRECCIONGENERALDELINSTITUTOGEOGRAFICONACIONAL|20140721,14012|DIRECCIONGENERALDELINSTITUTOGEOGRAFICONACIONAL|20140721,True,False,False
14013|DIRECCIONGENERALDELINSTITUTOGEOGRAFICONACIONAL|20140321,14013|DIRECCIONGENERALDELINSTITUTOGEOGRAFICONACIONAL|20140321,True,False,False
14023|DIRECCIONDELCANALDEEXPERIENCIASHIDRODINAMICASDEELPARDO|20140307,14023|DIRECCIONDELCANALDEEXPERIENCIASHIDRODINAMICASDEELPARDO|20140307,True,False,False
14024|DIRECCIONGENERALDELINSTITUTOGEOGRAFICONACIONAL|20140321,14024|DIRECCIONGENERALDELINSTITUTOGEOGRAFICONACIONAL|20140321,True,False,False
14024|DIRECCIONGENERALDELINSTITUTOGEOGRAFICONACIONAL|20140719,14024|DIRECCIONGENERALDELINSTITUTOGEOGRAFICONACIONAL|20140719,True,False,False
14030000062023X2023000124,14030000062023X2023000124,False,True,False
14030000772023X2023001068,14030000772023X2023001068,False,True,False
14030000942023X2023001291,14030000942023X2023001291,False,True,False
14031|DIRECCIONDELCANALDEEXPERIENCIASHIDRODINAMICASDEELPARDO|20140421,14031|DIRECCIONDELCANALDEEXPERIENCIASHIDRODINAMICASDEELPARDO|20140421,True,False,False
14043|DIRECCIONDELCANALDEEXPERIENCIASHIDRODINAMICASDEELPARDO|20140526,14043|DIRECCIONDELCANALDEEXPERIENCIASHIDRODINAMICASDEELPARDO|20140526,True,False,False
14044813/2022,14044813/2022,False,True,False
14074|DIRECCIONGENERALDELINSTITUTOGEOGRAFICONACIONAL|20140724,14074|DIRECCIONGENERALDELINSTITUTOGEOGRAFICONACIONAL|20140724,True,False,False
14079|DIRECCIONGENERALDELINSTITUTOGEOGRAFICONACIONAL|20140724,14079|DIRECCIONGENERALDELINSTITUTOGEOGRAFICONACIONAL|20140724,True,False,False
1408/20231115,1408/20231115,False,True,False
14080009/2023,14080009/2023,False,True,False
14138|DIRECCIONGENERALDELINSTITUTOGEOGRAFICONACIONAL|20141009,14138|DIRECCIONGENERALDELINSTITUTOGEOGRAFICONACIONAL|20141009,True,False,False
1421873Z|L01460945,1421873Z|L01460945,False,True,False
1422023,1422023,False,True,False
14222|DIRECCIONGENERALDELINSTITUTOGEOGRAFICONACIONAL|20150226,14222|DIRECCIONGENERALDELINSTITUTOGEOGRAFICONACIONAL|20150226,True,False,False
1440/2023|EA0001300,1440/2023|EA0001300,False,True,False
14456/2023|L01410042,14456/2023|L01410042,False,True,False
145/2023,145/2023,False,True,False
1450/2023A|L01460142,1450/2023A|L01460142,False,True,False
14700037300|DIRECCIONDELSERVICIODEGESTIONECONOMICADELAAGENCIAESTATALDELAADMINISTRACIONTRIBUTARIA|20150509,14700037300|DIRECCIONDELSERVICIODEGESTIONECONOMICADELAAGENCIAESTATALDELAADMINISTRACIONTRIBUTARIA|20150509,True,False,False
1492023,1492023,False,True,False
15/2023,15/2023,False,True,False
15010|DIRECCIONGENERALDELINSTITUTOGEOGRAFICONACIONAL|20150203,15010|DIRECCIONGENERALDELINSTITUTOGEOGRAFICONACIONAL|20150203,True,False,False
15011|DIRECCIONGENERALDELINSTITUTOGEOGRAFICONACIONAL|20150130,15011|DIRECCIONGENERALDELINSTITUTOGEOGRAFICONACIONAL|20150130,True,False,False
15011|DIRECCIONGENERALDELINSTITUTOGEOGRAFICONACIONAL|20150601,15011|DIRECCIONGENERALDELINSTITUTOGEOGRAFICONACIONAL|20150601,True,False,False
15012|DIRECCIONGENERALDELINSTITUTOGEOGRAFICONACIONAL|20150129,15012|DIRECCIONGENERALDELINSTITUTOGEOGRAFICONACIONAL|20150129,True,False,False
15012|DIRECCIONGENERALDELINSTITUTOGEOGRAFICONACIONAL|20150601,15012|DIRECCIONGENERALDELINSTITUTOGEOGRAFICONACIONAL|20150601,True,False,False
15013|DIRECCIONGENERALDELINSTITUTOGEOGRAFICONACIONAL|20150130,15013|DIRECCIONGENERALDELINSTITUTOGEOGRAFICONACIONAL|20150130,True,False,False
15014|DIRECCIONGENERALDELINSTITUTOGEOGRAFICONACIONAL|20150203,15014|DIRECCIONGENERALDELINSTITUTOGEOGRAFICONACIONAL|20150203,True,False,False
15015|DIRECCIONGENERALDELINSTITUTOGEOGRAFICONACIONAL|20150203,15015|DIRECCIONGENERALDELINSTITUTOGEOGRAFICONACIONAL|20150203,True,False,False
15015|DIRECCIONGENERALDELINSTITUTOGEOGRAFICONACIONAL|20150601,15015|DIRECCIONGENERALDELINSTITUTOGEOGRAFICONACIONAL|20150601,True,False,False
15052|DIRECCIONGENERALDELINSTITUTOGEOGRAFICONACIONAL|20150608,15052|DIRECCIONGENERALDELINSTITUTOGEOGRAFICONACIONAL|20150608,True,False,False
15056/2023|A14002961,15056/2023|A14002961,False,True,False
15061|DIRECCIONGENERALDELINSTITUTOGEOGRAFICONACIONAL|20150606,15061|DIRECCIONGENERALDELINSTITUTOGEOGRAFICONACIONAL|20150606,True,False,False
15072|DIRECCIONGENERALDELINSTITUTOGEOGRAFICONACIONAL|20150606,15072|DIRECCIONGENERALDELINSTITUTOGEOGRAFICONACIONAL|20150606,True,False,False
15074|DIRECCIONGENERALDELINSTITUTOGEOGRAFICONACIONAL|20150606,15074|DIRECCIONGENERALDELINSTITUTOGEOGRAFICONACIONAL|20150606,True,False,False
150792|E04795206,150792|E04795206,False,True,False
1508/2023|L01360558,1508/2023|L01360558,False,True,False
150BE464385F40A3B1FE1223893FC812|DIRECCIONGENERALDECULTURAYPATRIMONIOCULTURALDECANARIAS,150BE464385F40A3B1FE1223893FC812|DIRECCIONGENERALDECULTURAYPATRIMONIOCULTURALDECANARIAS,False,False,True
1512023,1512023,False,True,False
15270/2022|L01210448,15270/2022|L01210448,False,True,False
154/2023/023,154/2023/023,False,True,False
154/23,154/23,False,True,False
1546,1546,False,True,False
1565978W|L01462055,1565978W|L01462055,False,True,False
1573DED1ED8942AD9E332DF735832BB0|JUNTADEGOBIERNODELAYUNTAMIENTODEPATERNA|20241004,1573DED1ED8942AD9E332DF735832BB0|JUNTADEGOBIERNODELAYUNTAMIENTODEPATERNA|20241004,False,False,True
158859|GERENCIAMUNICIPALDEURBANISMOOBRASEINFRAESTRUCTURASDELAYUNTAMIENTODEMALAGA|20150718,158859|GERENCIAMUNICIPALDEURBANISMOOBRASEINFRAESTRUCTURASDELAYUNTAMIENTODEMALAGA|20150718,True,False,False
158859|GERENCIAMUNICIPALDEURBANISMOOBRASEINFRAESTRUCTURASDELAYUNTAMIENTODEMALAGA|20151114,158859|GERENCIAMUNICIPALDEURBANISMOOBRASEINFRAESTRUCTURASDELAYUNTAMIENTODEMALAGA|20151114,True,False,False
1590/21/CAR|L02000046,1590/21/CAR|L02000046,False,True,False
15AA0509|DIRECCIONDELMUSEONACIONALDELPRADO|20151221,15AA0509|DIRECCIONDELMUSEONACIONALDELPRADO|20151221,True,False,False
15AA0569|DIRECCIONDELMUSEONACIONALDELPRADO|20160201,15AA0569|DIRECCIONDELMUSEONACIONALDELPRADO|20160201,True,False,False
15E024F328584E25B955E31E83047C03|PRESIDENCIADELADIPUTACIONPROVINCIALDESALAMANCA|20240823,15E024F328584E25B955E31E83047C03|PRESIDENCIADELADIPUTACIONPROVINCIALDESALAMANCA|20240823,False,False,True
15EF0FBE34624F38BAACC43B19202633|ALCALDIADELAENTIDADLOCALMENORDEAGUASNUEVAS|20241126,15EF0FBE34624F38BAACC43B19202633|ALCALDIADELAENTIDADLOCALMENORDEAGUASNUEVAS|20241126,False,False,True
16/017SE|GERENCIADEINFRAESTRUCTURASYEQUIPAMIENTOS|20160926,16/017SE|GERENCIADEINFRAESTRUCTURASYEQUIPAMIENTOS|20160926,True,False,False
16/031SE|GERENCIADEINFRAESTRUCTURASYEQUIPAMIENTOS|20160927,16/031SE|GERENCIADEINFRAESTRUCTURASYEQUIPAMIENTOS|20160927,True,False,False
16/063SE|GERENCIADEINFRAESTRUCTURASYEQUIPAMIENTOS|20160926,16/063SE|GERENCIADEINFRAESTRUCTURASYEQUIPAMIENTOS|20160926,True,False,False
16/174SE|GERENCIADEINFRAESTRUCTURASYEQUIPAMIENTOS|20170306,16/174SE|GERENCIADEINFRAESTRUCTURASYEQUIPAMIENTOS|20170306,True,False,False
16/2023/CSOS,16/2023/CSOS,False,True,False
160/2021,160/2021,False,True,False
16006422,16006422,False,True,False
16012|DIRECCIONGENERALDELINSTITUTOGEOGRAFICONACIONAL|20160202,16012|DIRECCIONGENERALDELINSTITUTOGEOGRAFICONACIONAL|20160202,True,False,False
16012|DIRECCIONGENERALDELINSTITUTOGEOGRAFICONACIONAL|20160521,16012|DIRECCIONGENERALDELINSTITUTOGEOGRAFICONACIONAL|20160521,True,False,False
16013|DIRECCIONGENERALDELINSTITUTOGEOGRAFICONACIONAL|20160202,16013|DIRECCIONGENERALDELINSTITUTOGEOGRAFICONACIONAL|20160202,True,False,False
16013|DIRECCIONGENERALDELINSTITUTOGEOGRAFICONACIONAL|20160518,16013|DIRECCIONGENERALDELINSTITUTOGEOGRAFICONACIONAL|20160518,True,False,False
16014|DIRECCIONGENERALDELINSTITUTOGEOGRAFICONACIONAL|20160202,16014|DIRECCIONGENERALDELINSTITUTOGEOGRAFICONACIONAL|20160202,True,False,False
16015|DIRECCIONGENERALDELINSTITUTOGEOGRAFICONACIONAL|20160202,16015|DIRECCIONGENERALDELINSTITUTOGEOGRAFICONACIONAL|20160202,True,False,False
16016508B,16016508B,False,True,False
16016|DIRECCIONGENERALDELINSTITUTOGEOGRAFICONACIONAL|20160202,16016|DIRECCIONGENERALDELINSTITUTOGEOGRAFICONACIONAL|20160202,True,False,False
16017|DIRECCIONGENERALDELINSTITUTOGEOGRAFICONACIONAL|20160202,16017|DIRECCIONGENERALDELINSTITUTOGEOGRAFICONACIONAL|20160202,True,False,False
16017|DIRECCIONGENERALDELINSTITUTOGEOGRAFICONACIONAL|20160518,16017|DIRECCIONGENERALDELINSTITUTOGEOGRAFICONACIONAL|20160518,True,False,False
160211|PRESIDENCIADELACOMISIONNACIONALDELOSMERCADOSYLACOMPETENCIA|20161227,160211|PRESIDENCIADELACOMISIONNACIONALDELOSMERCADOSYLACOMPETENCIA|20161227,True,False,False
16021495,16021495,False,True,False
16023489,16023489,False,True,False
16023946,16023946,False,True,False
16026949,16026949,False,True,False
16029026,16029026,False,True,False
16029403,16029403,False,True,False
16041|DIRECCIONGENERALDELINSTITUTOGEOGRAFICONACIONAL|20160524,16041|DIRECCIONGENERALDELINSTITUTOGEOGRAFICONACIONAL|20160524,True,False,False
16049|DIRECCIONGENERALDELINSTITUTOGEOGRAFICONACIONAL|20160524,16049|DIRECCIONGENERALDELINSTITUTOGEOGRAFICONACIONAL|20160524,True,False,False
16050|DIRECCIONGENERALDELINSTITUTOGEOGRAFICONACIONAL|20160524,16050|DIRECCIONGENERALDELINSTITUTOGEOGRAFICONACIONAL|20160524,True,False,False
16055|DIRECCIONGENERALDELINSTITUTOGEOGRAFICONACIONAL|20160420,16055|DIRECCIONGENERALDELINSTITUTOGEOGRAFICONACIONAL|20160420,True,False,False
16055|DIRECCIONGENERALDELINSTITUTOGEOGRAFICONACIONAL|20160829,16055|DIRECCIONGENERALDELINSTITUTOGEOGRAFICONACIONAL|20160829,True,False,False
16056|DIRECCIONGENERALDELINSTITUTOGEOGRAFICONACIONAL|20160420,16056|DIRECCIONGENERALDELINSTITUTOGEOGRAFICONACIONAL|20160420,True,False,False
16056|DIRECCIONGENERALDELINSTITUTOGEOGRAFICONACIONAL|20160920,16056|DIRECCIONGENERALDELINSTITUTOGEOGRAFICONACIONAL|20160920,True,False,False
16057|DIRECCIONGENERALDELINSTITUTOGEOGRAFICONACIONAL|20160420,16057|DIRECCIONGENERALDELINSTITUTOGEOGRAFICONACIONAL|20160420,True,False,False
16057|DIRECCIONGENERALDELINSTITUTOGEOGRAFICONACIONAL|20160829,16057|DIRECCIONGENERALDELINSTITUTOGEOGRAFICONACIONAL|20160829,True,False,False
1607277E|L01462303,1607277E|L01462303,False,True,False
161/202312748/2023,161/202312748/2023,False,True,False
1610182P|L01462567,1610182P|L01462567,False,True,False
1626629H|L01461056,1626629H|L01461056,False,True,False
16314003|ORGANISMOAUTONOMOPARQUESNACIONALES|20140506,16314003|ORGANISMOAUTONOMOPARQUESNACIONALES|20140506,True,False,False
16314003|ORGANISMOAUTONOMOPARQUESNACIONALES|20140927,16314003|ORGANISMOAUTONOMOPARQUESNACIONALES|20140927,True,False,False
16314004|ORGANISMOAUTONOMOPARQUESNACIONALES|20140506,16314004|ORGANISMOAUTONOMOPARQUESNACIONALES|20140506,True,False,False
16314004|ORGANISMOAUTONOMOPARQUESNACIONALES|20140927,16314004|ORGANISMOAUTONOMOPARQUESNACIONALES|20140927,True,False,False
165/202236190/2022,165/202236190/2022,False,True,False
166/2020,166/2020,False,True,False
1665EFICIENCIAENERGETICA_2|L01101040,1665EFICIENCIAENERGETICA_2|L01101040,False,True,False
16700060800|DIRECCIONDELSERVICIODEGESTIONECONOMICADELAAGENCIAESTATALDELAADMINISTRACIONTRIBUTARIA|20170209,16700060800|DIRECCIONDELSERVICIODEGESTIONECONOMICADELAAGENCIAESTATALDELAADMINISTRACIONTRIBUTARIA|20170209,True,False,False
167CAF7C58D04DB0803EAC9D4EFD5E9F|GERENCIADESERVICIOSSOCIALESDELAJUNTADECASTILLAYLEON|20240617,167CAF7C58D04DB0803EAC9D4EFD5E9F|GERENCIADESERVICIOSSOCIALESDELAJUNTADECASTILLAYLEON|20240617,False,False,True
1690E16657D846B28AA289F0A7277350|ALCALDIADELAYUNTAMIENTODELAVILLAYPUERTODEGARACHICO|20240315,1690E16657D846B28AA289F0A7277350|ALCALDIADELAYUNTAMIENTODELAVILLAYPUERTODEGARACHICO|20240315,False,False,True
16987/2023|L01031210,16987/2023|L01031210,False,True,False
169AC889F3F84D90B9BB015123CBF71B|AREADEGOBIERNODEOBRASYEQUIPAMIENTOS|20240327,169AC889F3F84D90B9BB015123CBF71B|AREADEGOBIERNODEOBRASYEQUIPAMIENTOS|20240327,False,False,True
169D67DDF1A949D4B1139140EF429808|PRESIDENCIADELACONFEDERACIONHIDROGRAFICADELEBRO|20240310,169D67DDF1A949D4B1139140EF429808|PRESIDENCIADELACONFEDERACIONHIDROGRAFICADELEBRO|20240310,False,False,True
16A032|DIRECCIONGENERALDEPROTECCIONCIVILYEMERGENCIAS|20160321,16A032|DIRECCIONGENERALDEPROTECCIONCIVILYEMERGENCIAS|20160321,True,False,False
16A095|DIRECCIONDELINSTITUTOESPANOLDEOCEANOGRAFIA|20160413,16A095|DIRECCIONDELINSTITUTOESPANOLDEOCEANOGRAFIA|20160413,True,False,False
16A43099F7B13650B99D7BE7B30F05C2|AUTORIDADPORTUARIADECARTAGENA|20240926,16A43099F7B13650B99D7BE7B30F05C2|AUTORIDADPORTUARIADECARTAGENA|20240926,False,False,True
16AA0601|DIRECCIONDELMUSEONACIONALDELPRADO|20170127,16AA0601|DIRECCIONDELMUSEONACIONALDELPRADO|20170127,True,False,False
17/2023|LA0000593,17/2023|LA0000593,False,True,False
170033|SECRETARIAGENERALDELACOMISIONNACIONALDELOSMERCADOSYLACOMPETENCIA|20170304,170033|SECRETARIAGENERALDELACOMISIONNACIONALDELOSMERCADOSYLACOMPETENCIA|20170304,True,False,False
17007|DIRECCIONGENERALDELINSTITUTOGEOGRAFICONACIONAL|20170303,17007|DIRECCIONGENERALDELINSTITUTOGEOGRAFICONACIONAL|20170303,True,False,False
17026/2021|A14002961,17026/2021|A14002961,False,True,False
170AB16D7833381AB17BF8204A5B2393|CONSORCIOIFMIFDONESESPANA|20241024,170AB16D7833381AB17BF8204A5B2393|CONSORCIOIFMIFDONESESPANA|20241024,False,False,True
172/2023/148|L01461901,172/2023/148|L01461901,False,True,False
1722023,1722023,False,True,False
173623B955C34F86ADB9CDE2EA382F5E|DIRECCIONPROVINCIALDEEDUCACIONENZAMORA|20240801,173623B955C34F86ADB9CDE2EA382F5E|DIRECCIONPROVINCIALDEEDUCACIONENZAMORA|20240801,False,False,True
1737/2022|L01280663,1737/2022|L01280663,False,True,False
1778_LASS_SE_0323,1778_LASS_SE_0323,False,True,False
179/2023,179/2023,False,True,False
17A004|DIRECCIONDELINSTITUTOESPANOLDEOCEANOGRAFIA|20161126,17A004|DIRECCIONDELINSTITUTOESPANOLDEOCEANOGRAFIA|20161126,True,False,False
17A004|DIRECCIONDELINSTITUTOESPANOLDEOCEANOGRAFIA|20170318,17A004|DIRECCIONDELINSTITUTOESPANOLDEOCEANOGRAFIA|20170318,True,False,False
17CO0013/NE|PRESIDENCIADELACONFEDERACIONHIDROGRAFICADELTAJO|20170421,17CO0013/NE|PRESIDENCIADELACONFEDERACIONHIDROGRAFICADELTAJO|20170421,True,False,False
17DT0191/NE|E03154203,17DT0191/NE|E03154203,False,True,False
17ECCAA0C2FC4135B58E1368F5BB0F8C|ALCALDIADELAYUNTAMIENTODEFUENTEALAMO|20240510,17ECCAA0C2FC4135B58E1368F5BB0F8C|ALCALDIADELAYUNTAMIENTODEFUENTEALAMO|20240510,False,False,True
18/2022|L01420716,18/2022|L01420716,False,True,False
18/23,18/23,False,True,False
181/2020,181/2020,False,True,False
18143/2021|L01120402,18143/2021|L01120402,False,True,False
182/13|PRESIDENCIADELCONSEJODEADMINISTRACIONDELAAUTORIDADPORTUARIADEBARCELONAPORTDEBARCELONA|20140320,182/13|PRESIDENCIADELCONSEJODEADMINISTRACIONDELAAUTORIDADPORTUARIADEBARCELONAPORTDEBARCELONA|20140320,True,False,False
184/16|PRESIDENCIADELCONSEJODEADMINISTRACIONDELAAUTORIDADPORTUARIADEBARCELONAPORTDEBARCELONA|20170415,184/16|PRESIDENCIADELCONSEJODEADMINISTRACIONDELAAUTORIDADPORTUARIADEBARCELONAPORTDEBARCELONA|20170415,True,False,False
184/2023|L01290483,184/2023|L01290483,False,True,False
1842023,1842023,False,True,False
1845/2023,1845/2023,False,True,False
185/2020|L01341202,185/2020|L01341202,False,True,False
1855/2022|L01129023,1855/2022|L01129023,False,True,False
18748/2023|L03350007,18748/2023|L03350007,False,True,False
189F877D0E014DF298393C54493FC879|CONCEJALIADELEGADADECONTRATACIONDELAJUNTAMENTDEVALENCIA|20240829,189F877D0E014DF298393C54493FC879|CONCEJALIADELEGADADECONTRATACIONDELAJUNTAMENTDEVALENCIA|20240829,False,False,True
18DC28C476514953ACF76DBE51B4D08A|DELEGACIONTERRITORIALDEAGRICULTURAPESCAAGUAYDESARROLLORURALENALMERIAJUNTADEANDALUCIA|20240215,18DC28C476514953ACF76DBE51B4D08A|DELEGACIONTERRITORIALDEAGRICULTURAPESCAAGUAYDESARROLLORURALENALMERIAJUNTADEANDALUCIA|20240215,False,False,True
18FD569D975444D3AA880CF0278CB231|INFRAESTRUCTURESDELAGENERALITATDECATALUNYASAU|20240229,18FD569D975444D3AA880CF0278CB231|INFRAESTRUCTURESDELAGENERALITATDECATALUNYASAU|20240229,False,False,True
19/2023SERVICIOS,19/2023SERVICIOS,False,True,False
190/2021/CMA,190/2021/CMA,False,True,False
190B8158758E4A05BEEA472EC05056DF|INFRAESTRUCTURESDELAGENERALITATDECATALUNYASAU|20240412,190B8158758E4A05BEEA472EC05056DF|INFRAESTRUCTURESDELAGENERALITATDECATALUNYASAU|20240412,False,False,True
191/2023G626,191/2023G626,False,True,False
191/2023|EA0008308,191/2023|EA0008308,False,True,False
1912EBAB2F6547268124FA9B4094F7C6|PRESIDENCIADELACONFEDERACIONHIDROGRAFICADELSEGURA|20240730,1912EBAB2F6547268124FA9B4094F7C6|PRESIDENCIADELACONFEDERACIONHIDROGRAFICADELSEGURA|20240730,False,False,True
1929/2020|L01460850,1929/2020|L01460850,False,True,False
1929EFEC036E426A97DBB015FECC7AEB|ALCALDIADELAYUNTAMIENTODECOBEJA|20240715,1929EFEC036E426A97DBB015FECC7AEB|ALCALDIADELAYUNTAMIENTODECOBEJA|20240715,False,False,True
1932023,1932023,False,True,False
197/2023,197/2023,False,True,False
1991/2022,1991/2022,False,True,False
1991272E3E01414BA624D9D6FA2E700B|AENADIRECCIONDELAEROPUERTOADOLFOSUAREZMADRIDBARAJAS|20240823,1991272E3E01414BA624D9D6FA2E700B|AENADIRECCIONDELAEROPUERTOADOLFOSUAREZMADRIDBARAJAS|20240823,False,False,True
1996/2019|L01030895,1996/2019|L01030895,False,True,False
19EDDC4FDADA49D2A8E538F727814AC2|PRESIDENCIADELACONFEDERACIONHIDROGRAFICADELGUADALQUIVIR|20241008,19EDDC4FDADA49D2A8E538F727814AC2|PRESIDENCIADELACONFEDERACIONHIDROGRAFICADELGUADALQUIVIR|20241008,False,False,True
1AA1D99B66754FE4BE0FFAE36E53FDBB|PLENODELAYUNTAMIENTODEVILLADOZ|20240403,1AA1D99B66754FE4BE0FFAE36E53FDBB|PLENODELAYUNTAMIENTODEVILLADOZ|20240403,False,False,True
1AC1B91B06AB457C893C21516951A2C1|CONSEJODEADMINISTRACIONDELASOCIEDADMERCANTILESTATALDEGESTIONINMOBILIARIADEPATRIMONIOMPSASEGIPSA|20241112,1AC1B91B06AB457C893C21516951A2C1|CONSEJODEADMINISTRACIONDELASOCIEDADMERCANTILESTATALDEGESTIONINMOBILIARIADEPATRIMONIOMPSASEGIPSA|20241112,False,False,True
1AD9690CDD964301AD9B7B3373246FF6|SERVICIOANDALUZDESALUDHOSPITALUNIVERSITARIOREGIONALDEMALAGA|20240731,1AD9690CDD964301AD9B7B3373246FF6|SERVICIOANDALUZDESALUDHOSPITALUNIVERSITARIOREGIONALDEMALAGA|20240731,False,False,True
1B3DD49F2DF7497484788F9F4C8E6DC6|AREAMETROPOLITANADEBARCELONA|20241002,1B3DD49F2DF7497484788F9F4C8E6DC6|AREAMETROPOLITANADEBARCELONA|20241002,False,False,True
1B4E1ECC57564356AF674C5FB73FED9B|AGENCIACATALANADELAIGUAACA|20240313,1B4E1ECC57564356AF674C5FB73FED9B|AGENCIACATALANADELAIGUAACA|20240313,False,False,True
1B575E5DE8344C4CB1E429FBB947ADE2|DISTRITODECIUDADLINEAL|20240730,1B575E5DE8344C4CB1E429FBB947ADE2|DISTRITODECIUDADLINEAL|20240730,False,False,True
1B74F0EB884B40EFA39E178004881739|PRESIDENCIADELACOMARCADEGUDARJAVALAMBRE|20240612,1B74F0EB884B40EFA39E178004881739|PRESIDENCIADELACOMARCADEGUDARJAVALAMBRE|20240612,False,False,True
1B7EE8B168444F6E870064B98A79702A|PRESIDENCIADELADIPUTACIONPROVINCIALDESALAMANCA|20240409,1B7EE8B168444F6E870064B98A79702A|PRESIDENCIADELADIPUTACIONPROVINCIALDESALAMANCA|20240409,False,False,True
1B836B3627423CBEA0AF9DD778EC1609|AGENCIADEOBRAPUBLICADELAJUNTADEANDALUCIA|20241212,1B836B3627423CBEA0AF9DD778EC1609|AGENCIADEOBRAPUBLICADELAJUNTADEANDALUCIA|20241212,False,False,True
1BB8C3C2FF28406AABFF1A6EA5A0CB0F|SECCIONDEASUNTOSECONOMICOSDELADIRECCIONDEINFRAESTRUCTURA|20241205,1BB8C3C2FF28406AABFF1A6EA5A0CB0F|SECCIONDEASUNTOSECONOMICOSDELADIRECCIONDEINFRAESTRUCTURA|20241205,False,False,True
1BEE697346CC48BF84680E06891DBE51|DIVISIONECONOMICAYTECNICACUERPONACIONALDEPOLICIA|20240229,1BEE697346CC48BF84680E06891DBE51|DIVISIONECONOMICAYTECNICACUERPONACIONALDEPOLICIA|20240229,False,False,True
1C45F5394CAE31148CAFCB10CA851F48|CONSELLCOMARCALDELALTEMPORDA,1C45F5394CAE31148CAFCB10CA851F48|CONSELLCOMARCALDELALTEMPORDA,False,False,True
1CBB97FB63D64C5C9BA9259ED6A89C50|CONSEJERIADEINCLUSIONSOCIALJUVENTUDFAMILIASEIGUALDAD|20240626,1CBB97FB63D64C5C9BA9259ED6A89C50|CONSEJERIADEINCLUSIONSOCIALJUVENTUDFAMILIASEIGUALDAD|20240626,False,False,True
1CDE2DA58511363ABFA052FF6388D4E9|METRODEMADRIDSOCIEDADANONIMA|20241030,1CDE2DA58511363ABFA052FF6388D4E9|METRODEMADRIDSOCIEDADANONIMA|20241030,False,False,True
1CE7C2C142C845F49539453054A1ED89|ALCALDIADELAYUNTAMIENTODECINCTORRES|20241004,1CE7C2C142C845F49539453054A1ED89|ALCALDIADELAYUNTAMIENTODECINCTORRES|20241004,False,False,True
1D00AAB26CA344BB8D167E53812D7C06|CONSEJERIADEAGRICULTURAPESCAYMEDIONATURALDELASILLESBALEARS|20241212,1D00AAB26CA344BB8D167E53812D7C06|CONSEJERIADEAGRICULTURAPESCAYMEDIONATURALDELASILLESBALEARS|20241212,False,False,True
1D0D50415947498C9D2947DA2FCD2E4B|ALCALDIADELAYUNTAMIENTODETARANCON|20240320,1D0D50415947498C9D2947DA2FCD2E4B|ALCALDIADELAYUNTAMIENTODETARANCON|20240320,False,False,True
1D7351EA68964803B3403A195A065B04|JUNTADEMANCOMUNIDADDEMUNICIPIOSLOSPEDROCHES|20240712,1D7351EA68964803B3403A195A065B04|JUNTADEMANCOMUNIDADDEMUNICIPIOSLOSPEDROCHES|20240712,False,False,True
1E0B18EB538F45E1B0A6ABCD500F4E50|CONSELLCOMARCALDELBAIXPENEDES,1E0B18EB538F45E1B0A6ABCD500F4E50|CONSELLCOMARCALDELBAIXPENEDES,False,False,True
1E40/52/23|L01030633,1E40/52/23|L01030633,False,True,False
1E781E7006514887A793242F88B0B95D|CONSEJERIADESALUDYSERVICIOSSOCIALES|20240708,1E781E7006514887A793242F88B0B95D|CONSEJERIADESALUDYSERVICIOSSOCIALES|20240708,False,False,True
1EE262513F1335CCA451BD4D8B8FB3CE|DIRECCIONGENERALDELINSTITUTONACIONALDECIBERSEGURIDADDEESPANASAINCIBE,1EE262513F1335CCA451BD4D8B8FB3CE|DIRECCIONGENERALDELINSTITUTONACIONALDECIBERSEGURIDADDEESPANASAINCIBE,False,False,True
1F21739034554CC9840F750CC7E625AA|ALCALDIADELAYUNTAMIENTODEZAMORA|20241121,1F21739034554CC9840F750CC7E625AA|ALCALDIADELAYUNTAMIENTODEZAMORA|20241121,False,False,True
1F27A5A5C7C94749B4FB2F44BC93415E|JUNTADEGOBIERNOLOCALDELAYUNTAMIENTODECAPDEPERA|20240424,1F27A5A5C7C94749B4FB2F44BC93415E|JUNTADEGOBIERNOLOCALDELAYUNTAMIENTODECAPDEPERA|20240424,False,False,True
1NC48/2023AT,1NC48/2023AT,False,True,False
1PRORROGADELCONTRATO2020_00014|U05500001,1PRORROGADELCONTRATO2020_00014|U05500001,False,True,False
2/2020,2/2020,False,True,False
